,Computation Time (in seconds),Bytes In,Bytes Out
10,0.06660294532775879,11.0,11.0
100,0.029362916946411133,12.0,12.0
500,0.0574793815612793,13.0,13.0
1000,0.07935667037963867,13.0,13.0
2000,0.0720357894897461,14.0,14.0
4000,0.09206724166870117,14.0,14.0
