,Computation Time (in seconds),Bytes In,Bytes Out
10,0.022470474243164062,13.0,13.0
100,0.024641990661621094,40.0,40.0
500,0.02656102180480957,160.0,160.0
1000,0.034882307052612305,311.0,311.0
2000,0.04406619071960449,612.0,612.0
4000,0.10514378547668457,1214.0,1214.0
