,Computation Time (in seconds),Bytes In,Bytes Out
10,0.022832393646240234,11.0,11.0
100,0.04772830009460449,12.0,12.0
500,0.025673389434814453,13.0,13.0
1000,0.05472683906555176,13.0,13.0
2000,0.03895974159240723,14.0,14.0
4000,0.0519258975982666,14.0,14.0
