,Computation Time (in seconds),Bytes In,Bytes Out
10,0.022057771682739258,11.0,11.0
100,0.024664640426635742,12.0,12.0
500,0.02361607551574707,13.0,13.0
1000,0.024974584579467773,13.0,13.0
2000,0.029758214950561523,14.0,14.0
4000,0.03432130813598633,14.0,14.0
