,Computation Time (in seconds),Bytes In,Bytes Out
10,0.25652027130126953,1671.0,87.0
100,1.584118127822876,17858.0,2013.0
500,7.045408725738525,119234.0,40062.0
1000,13.857769012451172,313794.0,155378.0
2000,27.57914924621582,928596.0,611773.0
4000,55.472511529922485,3061297.0,2427638.0
