,Computation Time (in seconds),Bytes In,Bytes Out
1,5.503727674484253,10003.0,10003.0
10,14.969612097740173,10011.0,1901.1
25,37.526463451385496,10011.0,1360.44
50,77.52107338905334,10011.0,1180.22
100,162.29393398046494,10011.0,1090.11
