,Computation Time (in seconds),Bytes In,Bytes Out
10,0.06432437896728516,11.0,11.0
100,0.06200385093688965,12.0,12.0
500,0.06070518493652344,13.0,13.0
1000,0.04894089698791504,13.0,13.0
2000,0.05259370803833008,14.0,14.0
4000,0.07137727737426758,14.0,14.0
