,Computation Time (in seconds),Bytes In,Bytes Out
10,0.15856695175170898,1677.0,90.0
100,1.389233112335205,17854.0,2011.0
500,6.575912237167358,119292.0,40073.0
1000,12.692591905593872,313721.0,155366.0
2000,24.757594347000122,928645.0,611777.0
4000,49.84076976776123,3061210.0,2427611.0
