,Computation Time (in seconds),Bytes In,Bytes Out
10,0.063262939453125,13.0,13.0
100,0.0528254508972168,40.0,40.0
500,0.04654407501220703,160.0,160.0
1000,0.052901506423950195,311.0,311.0
2000,0.08873701095581055,612.0,612.0
4000,0.19935154914855957,1214.0,1214.0
